{
  "Realized_E1_pre_Foraging": [
    [
      -33.647207450452385,
      26.490329581872157
    ],
    [
      -33.55575895452902,
      26.611781808285116
    ]
  ],
  "Realized_E1_pre_Movement": [
    [
      -33.647207450452385,
      26.490329581872157
    ],
    [
      -33.55575895452902,
      26.611781808285116
    ]
  ],
  "Realized_E1_pre_Low-energy": [
    [
      -33.647207450452385,
      26.490329581872157
    ],
    [
      -33.55575895452902,
      26.611781808285116
    ]
  ],
  "Realized_E1_pre_Resting": [
    [
      -33.647207450452385,
      26.490329581872157
    ],
    [
      -33.55575895452902,
      26.611781808285116
    ]
  ],
  "Realized_E2_pre_Foraging": [
    [
      -33.647207450452385,
      26.490329581872157
    ],
    [
      -33.55575895452902,
      26.611781808285116
    ]
  ],
  "Realized_E2_pre_Movement": [
    [
      -33.647207450452385,
      26.490329581872157
    ],
    [
      -33.55575895452902,
      26.611781808285116
    ]
  ],
  "Realized_E2_pre_Low-energy": [
    [
      -33.647207450452385,
      26.490329581872157
    ],
    [
      -33.55575895452902,
      26.611781808285116
    ]
  ],
  "Realized_E2_pre_Resting": [
    [
      -33.647207450452385,
      26.490329581872157
    ],
    [
      -33.55575895452902,
      26.611781808285116
    ]
  ],
  "Realized_E3_pre_Foraging": [
    [
      -33.647207450452385,
      26.490329581872157
    ],
    [
      -33.55575895452902,
      26.611781808285116
    ]
  ],
  "Realized_E3_pre_Movement": [
    [
      -33.647207450452385,
      26.490329581872157
    ],
    [
      -33.55575895452902,
      26.611781808285116
    ]
  ],
  "Realized_E3_pre_Low-energy": [
    [
      -33.647207450452385,
      26.490329581872157
    ],
    [
      -33.55575895452902,
      26.611781808285116
    ]
  ],
  "Realized_E3_pre_Resting": [
    [
      -33.647207450452385,
      26.490329581872157
    ],
    [
      -33.55575895452902,
      26.611781808285116
    ]
  ],
  "Realized_E4_pre_Foraging": [
    [
      -33.647207450452385,
      26.490329581872157
    ],
    [
      -33.55575895452902,
      26.611781808285116
    ]
  ],
  "Realized_E4_pre_Movement": [
    [
      -33.647207450452385,
      26.490329581872157
    ],
    [
      -33.55575895452902,
      26.611781808285116
    ]
  ],
  "Realized_E4_pre_Low-energy": [
    [
      -33.647207450452385,
      26.490329581872157
    ],
    [
      -33.55575895452902,
      26.611781808285116
    ]
  ],
  "Realized_E4_pre_Resting": [
    [
      -33.647207450452385,
      26.490329581872157
    ],
    [
      -33.55575895452902,
      26.611781808285116
    ]
  ],
  "Realized_E5_pre_Foraging": [
    [
      -33.647207450452385,
      26.490329581872157
    ],
    [
      -33.55575895452902,
      26.611781808285116
    ]
  ],
  "Realized_E5_pre_Movement": [
    [
      -33.647207450452385,
      26.490329581872157
    ],
    [
      -33.55575895452902,
      26.611781808285116
    ]
  ],
  "Realized_E5_pre_Low-energy": [
    [
      -33.647207450452385,
      26.490329581872157
    ],
    [
      -33.55575895452902,
      26.611781808285116
    ]
  ],
  "Realized_E5_pre_Resting": [
    [
      -33.647207450452385,
      26.490329581872157
    ],
    [
      -33.55575895452902,
      26.611781808285116
    ]
  ],
  "Realized_E6_pre_Foraging": [
    [
      -33.647207450452385,
      26.490329581872157
    ],
    [
      -33.55575895452902,
      26.611781808285116
    ]
  ],
  "Realized_E6_pre_Movement": [
    [
      -33.647207450452385,
      26.490329581872157
    ],
    [
      -33.55575895452902,
      26.611781808285116
    ]
  ],
  "Realized_E6_pre_Low-energy": [
    [
      -33.647207450452385,
      26.490329581872157
    ],
    [
      -33.55575895452902,
      26.611781808285116
    ]
  ],
  "Realized_E6_pre_Resting": [
    [
      -33.647207450452385,
      26.490329581872157
    ],
    [
      -33.55575895452902,
      26.611781808285116
    ]
  ],
  "Realized_E3_interim_Foraging": [
    [
      -33.647207450452385,
      26.490329581872157
    ],
    [
      -33.55575895452902,
      26.611781808285116
    ]
  ],
  "Realized_E3_interim_Movement": [
    [
      -33.647207450452385,
      26.490329581872157
    ],
    [
      -33.55575895452902,
      26.611781808285116
    ]
  ],
  "Realized_E3_interim_Low-energy": [
    [
      -33.647207450452385,
      26.490329581872157
    ],
    [
      -33.55575895452902,
      26.611781808285116
    ]
  ],
  "Realized_E3_interim_Resting": [
    [
      -33.647207450452385,
      26.490329581872157
    ],
    [
      -33.55575895452902,
      26.611781808285116
    ]
  ],
  "Realized_E4_interim_Foraging": [
    [
      -33.647207450452385,
      26.490329581872157
    ],
    [
      -33.55575895452902,
      26.611781808285116
    ]
  ],
  "Realized_E4_interim_Movement": [
    [
      -33.647207450452385,
      26.490329581872157
    ],
    [
      -33.55575895452902,
      26.611781808285116
    ]
  ],
  "Realized_E4_interim_Low-energy": [
    [
      -33.647207450452385,
      26.490329581872157
    ],
    [
      -33.55575895452902,
      26.611781808285116
    ]
  ],
  "Realized_E4_interim_Resting": [
    [
      -33.647207450452385,
      26.490329581872157
    ],
    [
      -33.55575895452902,
      26.611781808285116
    ]
  ],
  "Realized_E5_interim_Foraging": [
    [
      -33.647207450452385,
      26.490329581872157
    ],
    [
      -33.55575895452902,
      26.611781808285116
    ]
  ],
  "Realized_E5_interim_Movement": [
    [
      -33.647207450452385,
      26.490329581872157
    ],
    [
      -33.55575895452902,
      26.611781808285116
    ]
  ],
  "Realized_E5_interim_Low-energy": [
    [
      -33.647207450452385,
      26.490329581872157
    ],
    [
      -33.55575895452902,
      26.611781808285116
    ]
  ],
  "Realized_E5_interim_Resting": [
    [
      -33.647207450452385,
      26.490329581872157
    ],
    [
      -33.55575895452902,
      26.611781808285116
    ]
  ],
  "Realized_E6_interim_Foraging": [
    [
      -33.647207450452385,
      26.490329581872157
    ],
    [
      -33.55575895452902,
      26.611781808285116
    ]
  ],
  "Realized_E6_interim_Low-energy": [
    [
      -33.647207450452385,
      26.490329581872157
    ],
    [
      -33.55575895452902,
      26.611781808285116
    ]
  ],
  "Realized_E6_interim_Resting": [
    [
      -33.647207450452385,
      26.490329581872157
    ],
    [
      -33.55575895452902,
      26.611781808285116
    ]
  ],
  "Realized_E3_post_Foraging": [
    [
      -33.647207450452385,
      26.490329581872157
    ],
    [
      -33.55575895452902,
      26.611781808285116
    ]
  ],
  "Realized_E3_post_Movement": [
    [
      -33.647207450452385,
      26.490329581872157
    ],
    [
      -33.55575895452902,
      26.611781808285116
    ]
  ],
  "Realized_E3_post_Low-energy": [
    [
      -33.647207450452385,
      26.490329581872157
    ],
    [
      -33.55575895452902,
      26.611781808285116
    ]
  ],
  "Realized_E3_post_Resting": [
    [
      -33.647207450452385,
      26.490329581872157
    ],
    [
      -33.55575895452902,
      26.611781808285116
    ]
  ],
  "Realized_E4_post_Foraging": [
    [
      -33.647207450452385,
      26.490329581872157
    ],
    [
      -33.55575895452902,
      26.611781808285116
    ]
  ],
  "Realized_E4_post_Movement": [
    [
      -33.647207450452385,
      26.490329581872157
    ],
    [
      -33.55575895452902,
      26.611781808285116
    ]
  ],
  "Realized_E4_post_Low-energy": [
    [
      -33.647207450452385,
      26.490329581872157
    ],
    [
      -33.55575895452902,
      26.611781808285116
    ]
  ],
  "Realized_E4_post_Resting": [
    [
      -33.647207450452385,
      26.490329581872157
    ],
    [
      -33.55575895452902,
      26.611781808285116
    ]
  ],